XXXX,SCF_3,SCF_2,Delta_SCF,E_red
0068,-3478.45177731,-3478.63289765,-475531.4526694208,0.638553170642284
0619,-3527.80659958,-3527.99923827,-505772.8805961074,0.9519845633632931
0327,-3652.89722784,-3653.1234647,-593984.8759299259,1.8662406169863288
0087,-3081.92341751,-3082.09662895,-454766.63572041795,0.4233402676106948
0985,-3614.42206863,-3614.6158699,-508825.23438438855,0.9836200900076546
0554,-3637.88542276,-3638.06007644,-458553.2368403137,0.4625857577894353
0184,-3542.49073318,-3542.6553334,-432157.87761002936,0.18901619536745945
0423,-2948.87235689,-2949.07179617,-523627.829640541,1.1370387069548735
0272,-3329.92575086,-3330.11477844,-496291.9112903389,0.8537209026308632
0494,-3638.63418977,-3638.80351297,-444558.06160061795,0.3175354884242932
0677,-3319.18479249,-3319.36030167,-460799.3520901648,0.4858651820507312
0301,-3546.28842069,-3546.47507452,-490059.63066517963,0.7891276433142937
0602,-3929.25340867,-3929.47003288,-568746.8633543074,1.604666148668781
0296,-3386.48281652,-3386.70912653,-594176.9312547544,1.8682311370135707
0304,-3032.39821084,-3032.59523481,-517286.43323478557,1.0713145383716174
0281,-3309.99736772,-3310.17387658,-463424.0119300332,0.5130679580249076
0866,-3367.81201251,-3368.00126969,-496894.7260897721,0.8599686592711
0008,-3143.50791288,-3143.7031466,-512586.1318600864,1.0225991797697709
0626,-3751.01281373,-3751.20986741,-517364.4368398782,1.0721229915518282
0830,-3707.02459178,-3707.19638171,-451034.46121541766,0.38465887148694283
0544,-3572.50118411,-3572.67735488,-462536.35663559387,0.5038680275233858
0862,-3589.26858576,-3589.44943473,-474818.97073544655,0.6311687903347314
0382,-3511.84877814,-3512.02894947,-473039.8269153179,0.6127292005526026
0579,-3744.66700485,-3744.85200554,-485719.31159480143,0.7441432512287027
0168,-3733.49038594,-3733.6531889,-427439.1714791618,0.14011008425311539
0151,-4099.62419699,-4099.81027793,-488555.50796883425,0.7735384564319243
0724,-3403.89742785,-3404.08253301,-485993.5975803894,0.746986034931745
0108,-3041.47147623,-3041.64491941,-455375.0690901295,0.42964625682882823
0005,-3139.67475266,-3139.8427469,-441068.8771190639,0.2813725150962732
0032,-3313.44261602,-3313.61352739,-448727.8019346986,0.3607519504036752
0703,-3477.36067622,-3477.55072589,-498975.40858502,0.881533487951702
0613,-3299.5983338,-3299.79493977,-516188.97423457156,1.0599401382035711
0457,-3292.65893776,-3292.83624234,-465513.17479014327,0.5347206797962716
0284,-3482.6672591,-3482.83451422,-439128.31755983236,0.26125996330862106
0674,-3592.14556961,-3592.32616795,-474160.9416698961,0.6243487761817492
0769,-3407.3597713,-3407.53540837,-461135.12728498265,0.4893452586928813
0801,-4063.98832299,-4064.18196604,-508409.82777497766,0.9793146890706079
0381,-3219.72696844,-3219.91194546,-485657.16601034935,0.743499155416379
0193,-3310.05769543,-3310.23068821,-454192.54389048845,0.4173902045964491
0766,-3504.7431004,-3504.92083367,-466638.7003846387,0.5463859707170922
0551,-3899.35768178,-3899.54447028,-490413.2067503883,0.792792213819643
0726,-3291.51467085,-3291.70586818,-501988.58991446265,0.912763019272038
0750,-3583.64798356,-3583.82894232,-475107.22438017547,0.6341563391218885
0547,-3792.11350133,-3792.30432657,-501011.6676196517,0.9026378983225543
0126,-3043.77674898,-3043.94600194,-444373.64647998515,0.3156241538061371
0223,-3582.17594578,-3582.3401495,-431116.86685982207,0.17822684209796408
0203,-3118.9968249,-3119.1769262,-472855.963149824,0.6108235803474524
0858,-3666.95223359,-3667.1026745,-394982.60920451593,-0.19627963720250924
0133,-4002.91964909,-4003.084235,-432120.30670477496,0.1886267990337867
0565,-4052.16511997,-4052.34050396,-460470.6657455977,0.4824585764170351
0633,-4073.94378056,-4074.11552495,-450914.8959442928,0.3834196605098484
0572,-3431.60368948,-3431.77431611,-447980.2170656369,0.35300375255881083
0541,-3693.31351378,-3693.47393927,-421197.1239946122,0.07541559822368421
0652,-4473.23925936,-4473.3950776,-409100.7891209756,-0.049954509810068604
0094,-2928.04526102,-2928.22064918,-460481.6140794328,0.48257204829178396
0959,-3617.12478065,-3617.31942107,-511028.4227095121,1.006454606514091
0679,-3625.44896161,-3625.633115,-483494.72544531384,0.7210869611371071
0196,-3572.59754597,-3572.77697687,-471095.8279504473,0.5925810017147455
0740,-3768.63795627,-3768.82980551,-503700.1796200275,0.9305024575843654
0545,-3730.74824925,-3730.92915278,-474962.21801565797,0.6326534488848832
0105,-3961.7511022,-3961.87296708,-319956.24243993574,-0.973875810333878
0239,-3275.62086141,-3275.79755476,-463908.3904245356,0.5180882046383954
0399,-3145.64490552,-3145.83060072,-487542.7475995466,0.7630418987360377
0414,-3021.46100569,-3021.63369017,-453383.10224011436,0.4090009041831822
0595,-3822.75969815,-3822.94534995,-487428.800899894,0.7618609203492148
0389,-3281.17410901,-3281.36447278,-499800.0781355347,0.890080614971599
0458,-3201.32073847,-3201.50833948,-492546.4517549483,0.8149018163957951
0708,-3385.45859825,-3385.66482027,-541435.9135101079,1.3216071255646769
0356,-3480.02385416,-3480.19184599,-441062.5496641187,0.28130693542124324
0970,-3656.44033109,-3656.6230876,-479827.21700437716,0.6830757838459565
0552,-4011.00527766,-4011.16889114,-429567.1917402483,0.16216553599262334
0078,-3254.6751905,-3254.85540632,-473156.6354095544,0.6139398394522917
0226,-3254.74842942,-3254.9245642,-462441.8648905548,0.5028886862264057
0143,-3871.12602337,-3871.28011598,-404570.1475553526,-0.09691146234800668
0472,-3140.99637214,-3141.1869452,-500349.56903035025,0.89577570638286
0484,-4043.02033056,-4043.16967,-392090.69972105953,-0.2262522700828155
0853,-3762.00335529,-3762.18813371,-485135.7417098152,0.7380949547578914
0297,-3166.78355665,-3166.94402874,-421319.47229495994,0.07668365336539279
0752,-3615.12650012,-3615.3255411,-522582.0929901665,1.1262003730130743
0522,-3599.24592468,-3599.42013569,-457391.00675475877,0.45054005031620187
0412,-2880.6844652,-2880.87042574,-488239.39776999055,0.7702621938124119
0573,-4038.0718426,-4038.22793498,-409820.54369064484,-0.042494753685600795
0051,-3120.17345562,-3120.36730967,-508963.80827507144,0.985056312121795
0144,-4077.51882938,-4077.70767215,-495806.6926339761,0.848691948323326
0019,-3192.5674071,-3192.75501476,-492563.91133036686,0.8150827727664074
0221,-2856.65950361,-2856.85901052,-523805.39220581204,1.1388790195969534
0249,-3063.70307264,-3063.8856422,-479336.37978012394,0.6779885969852717
0383,-3433.01518243,-3433.17795876,-427369.25441451446,0.13938544244716217
0890,-3276.60133259,-3276.78133335,-472591.9953799591,0.608087737782651
0378,-4063.64735411,-4063.81423414,-438143.51876474277,0.2510532079052988
0761,-3688.07349903,-3688.26246883,-496140.2098999877,0.8521486231019082
0574,-3495.94955535,-3496.12200246,-452759.88730531774,0.4025417143112165
0594,-3349.31852328,-3349.479344,-422234.8003592638,0.08617039290318457
0206,-3234.80309902,-3234.97872929,-461117.2738851471,0.48916022060576375
0218,-3008.36527371,-3008.57175026,-542104.1820248265,1.3285332644952736
0117,-3271.9599763,-3272.1290126,-443804.8056494454,0.3097285137528674
0400,-3695.48035643,-3695.6638214,-481687.2787348209,0.702354031557453
0417,-3241.00530927,-3241.20487532,-523960.664275414,1.140488306735907
0730,-3629.36706894,-3629.5527235,-487436.0472796727,0.7619360240417963
0107,-3195.67371477,-3195.87208392,-520818.2033249009,1.1079188819495351
0567,-4089.26441496,-4089.44483283,-473687.11768481194,0.6194379197265059
0213,-3097.88716031,-3098.08510936,-519715.23077449185,1.0964873376638005
0097,-3107.56179578,-3107.75220234,-499912.42328040925,0.8912449943556948
0905,-3597.28378384,-3597.4626099,-469507.82053031365,0.576122407942308
0892,-3460.97459785,-3461.15674035,-478215.13374954613,0.6663676607715823
0057,-3525.29268258,-3525.46052869,-440679.96180507273,0.2773416780336085
0250,-3460.65388777,-3460.84358054,-498038.36763490835,0.8718217094357497
0848,-3802.47282232,-3802.6452104,-452604.9040400494,0.40093542042855806
0169,-4130.47034992,-4130.64693613,-463627.0943528639,0.5151727662627754
0238,-2984.84477053,-2985.04810841,-533863.6039404275,1.2431253971127896
0319,-3294.01012183,-3294.19289593,-479873.3995492994,0.6835544338425599
0058,-3526.4489955,-3526.62004118,-449080.4328403515,0.36440672477951425
0469,-3615.66615169,-3615.84371377,-466189.2410397795,0.5417276368324557
0135,-3715.26617852,-3715.45659638,-499942.09143066267,0.8915524841235702
0538,-3636.32424648,-3636.49142663,-438931.483825392,0.25921991838515784
0228,-3981.64314628,-3981.76621658,-323121.072650285,-0.9410745437085046
0558,-3522.24468105,-3522.43239971,-492855.34182992956,0.8181032474470598
0275,-3516.01499579,-3516.19782654,-480022.1341249835,0.6850959643984404
0745,-4131.15458609,-4131.34606218,-502720.4742971876,0.92034849248264
0900,-3385.22793755,-3385.42031427,-505085.0783590263,0.9448559709698532
0233,-3274.5924056,-3274.76551253,-454492.24471474666,0.4204963954474444
0371,-3167.96053615,-3168.14335345,-479986.8211509233,0.6847299699530838
0065,-3233.61943443,-3233.79916138,-471873.1072244848,0.600636961439444
0077,-3102.96548681,-3103.14911922,-482126.8924549288,0.7069103223809792
0095,-2988.52614039,-2988.70920108,-480625.8415957218,0.6913529729566432
0564,-3502.36478226,-3502.53285215,-441267.49619492056,0.2834310638432969
0276,-3627.60598419,-3627.77305871,-438654.15225977584,0.25634556936078995
0407,-3011.64334961,-3011.83005461,-490193.9775001956,0.7905200549328455
0433,-3194.88316386,-3195.06337559,-473145.8971146919,0.6138285444855869
0027,-3707.50649016,-3707.66125614,-406338.0804908409,-0.07858806559733739
0339,-3785.92451285,-3786.0977477,-454828.0986749255,0.4239772884378448
0394,-3317.21096569,-3317.40279173,-503639.2680194649,0.9298711511578472
0082,-3326.70626248,-3326.87783909,-450474.38955526764,0.3788541177931036
0776,-3292.79367873,-3292.95096815,-412963.37220965873,-0.009921519307055593
1030,-3079.44800805,-3079.65462923,-542483.9080892886,1.332468861370043
0946,-3349.69189117,-3349.88954651,-518944.0951699553,1.0884950528056716
0318,-3862.64227571,-3862.82930551,-491046.7398997141,0.7993583448174755
0585,-3424.65395747,-3424.82247147,-442433.5069998929,0.29551595584694895
0906,-3292.84523231,-3293.02027511,-459574.87140007445,0.4731742903049641
0700,-3826.77964669,-3826.95493184,-460211.16132509476,0.479768993367826
0335,-3311.2418433,-3311.41994224,-467598.7669710025,0.556336393957636
0638,-4396.86136695,-4397.03328289,-451365.30046990176,0.38808779053637094
0867,-3383.99940625,-3384.18284115,-481608.32995017245,0.7015357822477319
0055,-3028.95571173,-3029.13904164,-481332.67870469537,0.6986788485743414
0889,-3504.69211973,-3504.87083775,-469224.1615109463,0.573182479255286
0461,-3256.82039216,-3256.99721248,-464241.7501598252,0.5215432467204761
0012,-3106.30413823,-3106.48567164,-476615.9679554107,0.6497934182039768
0463,-3237.3661778,-3237.55194687,-487736.6932846808,0.7650520110346768
0157,-3807.51264377,-3807.68528064,-453258.10218534933,0.4077053654490264
0849,-3742.17955759,-3742.3682609,-495440.5404054319,0.8448970348285421
0488,-4073.93683995,-4074.09994613,-428235.2755897009,0.14836115033114866
0048,-3505.41604593,-3505.59991079,-482737.1899302236,0.7132356317585493
0141,-3717.39453871,-3717.5697952,-460135.9144956966,0.47898911225264645
0611,-3672.78156057,-3672.9686132,-491106.6800659985,0.7999795830025238
0883,-3276.49341202,-3276.68966059,-515250.6205352095,1.050214753953562
0064,-3387.88053856,-3388.04786631,-439319.00762477174,0.2632363333655146
0134,-3750.73095123,-3750.90803882,-464943.4675454086,0.5288160599617411
0011,-3068.25289675,-3068.44253395,-497892.46859908575,0.8703095672807766
0230,-3292.02779524,-3292.21999659,-504624.6444244157,0.9400838930861342
0568,-3501.14202421,-3501.33232284,-499629.0530653755,0.8883080589249672
0719,-3367.88295839,-3368.06453552,-476730.7548145359,0.6509831042601018
0669,-3380.14266884,-3380.31244383,-445744.23624487076,0.32982936461492224
0624,-3561.15965858,-3561.34500665,-486631.3577853821,0.7535959764251652
0606,-3377.44973129,-3377.66013705,-552420.3228798893,1.4354528981695525
0149,-4038.20725604,-4038.39144769,-483595.17707440956,0.7221280724921957
0462,-3161.98458812,-3162.20308756,-573670.2797198938,1.6556939391604268
0156,-4165.69487589,-4165.85145583,-411100.63247126935,-0.029227522710583986
0650,-4243.4613227,-4243.63791595,-463645.57787558716,0.5153643351358983
0182,-3159.53205168,-3159.7103207,-468045.3120094453,0.5609645230807405
0767,-3444.46907971,-3444.6552648,-488828.9537949497,0.7763725324656645
0146,-3739.29779931,-3739.47974645,-477702.2160709844,0.6610516253405645
0031,-3805.61096269,-3805.78255393,-450512.8006199945,0.3792522217960775
0017,-3128.2494273,-3128.4416918,-504790.4447499075,0.9418022982837486
0981,-3276.74163486,-3276.91407243,-452734.8400351482,0.40228211675543496
0063,-3229.71532801,-3229.90042484,-485971.7271650536,0.7467593632694569
0695,-3538.31742922,-3538.5053112,-493284.13848981407,0.8225474269556308
0620,-3223.27508442,-3223.45709482,-477868.3051996159,0.6627730237820992
0010,-3262.64093716,-3262.79494261,-404341.3089752976,-0.09928321526353762
0337,-3731.15064093,-3731.33432822,-482270.97989461274,0.7084036886004321
0244,-3311.64615916,-3311.8256681,-471300.7219694166,0.5947045858881335
0699,-3634.57492828,-3634.7592525,-483943.23960942327,0.7257354988798592
0076,-3274.15783587,-3274.32671866,-443401.7651455913,0.3055512789095845
0644,-4038.02905355,-4038.19805619,-443716.4313203789,0.30881257522287325
0084,-3556.52951491,-3556.7263335,-516747.2080438606,1.0657258438499306
0490,-3750.89022861,-3751.03965836,-392327.8086246162,-0.22379480100931576
0431,-3163.33284186,-3163.52365827,-500988.4844550654,0.9023976209262103
0793,-3648.68159878,-3648.87002091,-494702.3023154272,0.8372457098556996
0884,-3292.65056811,-3292.82660299,-462179.57743963506,0.5001702590002075
0138,-3940.61249772,-3940.78004541,-439896.4600949794,0.26922122708171586
0616,-3355.12119542,-3355.31207166,-501145.56812080607,0.9040256840006842
0384,-3464.48931242,-3464.66359266,-457572.7701209744,0.4524239013419116
0886,-3255.58619122,-3255.77162653,-486860.40640560375,0.7559699062611152
0164,-3791.48803769,-3791.66851413,-473840.8932197192,0.6210316963229425
0176,-3157.38444998,-3157.57824512,-508809.14006885904,0.9834532836073897
0631,-4070.0251891,-4070.19138624,-436350.5910709175,0.23247075784751453
0975,-3766.11693801,-3766.31153528,-510915.1323850817,1.005280431000484
0546,-3576.42625887,-3576.61977242,-508069.82552568684,0.9757908019452433
0375,-3642.63386847,-3642.8083101,-457996.49956571945,0.4568155626855928
0639,-4508.50667389,-4508.67564575,-443635.6184301471,0.30797500575371367
0530,-3507.93761812,-3508.1058964,-441814.62413965253,0.2891016649184069
0023,-3409.75976622,-3409.92893652,-444156.622650348,0.31337485257136316
0786,-3985.7855558,-3985.95857749,-454268.44709510874,0.41817688858484453
0346,-3807.98609575,-3808.1624698,-463070.0682751299,0.5093995779150109
0516,-3814.90814118,-3815.09375085,-487318.1885857971,0.760714500552387
0720,-3384.05365565,-3384.22046992,-437970.8658850832,0.2492637807439831
0004,-3621.15966475,-3621.30788057,-389140.63541034714,-0.2568276373493587
0464,-3429.48238271,-3429.67341565,-501556.98397063295,0.9082897234868932
0588,-3369.17904711,-3369.36900834,-498743.2093658808,0.8791269043465906
0459,-3217.47636376,-3217.67106669,-511192.5427148649,1.008155596360728
0553,-3576.38414907,-3576.56800381,-482710.619869443,0.712960251535917
0192,-3465.2929622,-3465.49165456,-521666.7911793911,1.1167139055748672
0409,-3471.03789846,-3471.21858345,-474388.4412447844,0.6267066512388906
0614,-3315.77031123,-3315.95203324,-477111.13725541416,0.6549255040204602
0430,-3467.86884733,-3468.04077601,-451398.74934076646,0.3884344648470382
0768,-3975.98588059,-3976.17246694,-489882.46192551946,0.7872914124010923
0491,-3659.58898555,-3659.76932863,-473490.7565401495,0.6174027728677982
0605,-3085.38529247,-3085.5628276,-466118.4838156596,0.5409942873572013
0510,-3716.26144698,-3716.43473818,-454976.04559938784,0.4255106555359676
0246,-3199.28430268,-3199.47389931,-497785.9520646562,0.8692055973949955
0836,-3614.47800259,-3614.65639892,-468379.56441484607,0.5644288170684149
0615,-3770.86137955,-3771.06138549,-525115.5954693577,1.1524583662678933
0280,-3802.14229581,-3802.32336353,-475393.29885907116,0.6371213023689808
0795,-3612.77037291,-3612.95446426,-483331.83942504454,0.7193987606886514
0240,-3291.76887791,-3291.9617151,-506294.04234583623,0.9573860428650691
0136,-3770.56637672,-3770.75115702,-485140.677650149,0.7381461123506134
0479,-3606.26756528,-3606.4167816,-391767.4481601325,-0.2296025479594494
0505,-3675.60956688,-3675.82861158,-575101.859850703,1.6705312727439814
0167,-3977.05531868,-3977.24409373,-495628.8937750101,0.8468491866612433
0482,-3981.60126915,-3981.7256468,-326553.5200751108,-0.905499610560079
0396,-3281.26687176,-3281.45590333,-496302.3870355901,0.8538294764532315
0187,-3181.3457216,-3181.5366754,-501349.20189996954,0.906136206663932
0270,-3193.07516376,-3193.25007668,-459233.8714593952,0.46964006280142173
0855,-3726.10781018,-3726.28753367,-471864.022995039,0.6005428097117578
0445,-3333.2594955,-3333.42533154,-435402.52302041586,0.22264469109618973
0448,-3288.84453637,-3289.00674036,-425866.57574580703,0.12381122190814137
0305,-4020.93342489,-4021.05303264,-314030.14762470184,-1.0352956664279234
0517,-3736.12542081,-3736.29132694,-435586.5443154378,0.22455194398546646
0329,-3766.32952101,-3766.52136074,-503675.2111152189,0.9302436763768342
0159,-3808.73706167,-3808.91835409,-475983.2487096412,0.6432357227511136
0532,-3692.33215559,-3692.51457663,-478946.44052002195,0.6739471474324705
0641,-3982.57433502,-3982.74255815,-441669.8278153017,0.2876009516018206
0268,-3189.15039115,-3189.3196909,-444496.4936248332,0.31689737912456
0528,-3620.35583283,-3620.52324857,-439550.0253694661,0.26563067180873806
0661,-3441.78243816,-3441.97436655,-503907.9879454132,0.9326562465192845
0880,-3231.14899248,-3231.34270758,-508598.9950505,0.9812752764730266
0210,-3572.59826817,-3572.78685822,-495143.176274147,0.8418150621769909
0421,-3424.74440558,-3424.91914345,-458774.2776842572,0.46487669258700476
0298,-2972.39973632,-2972.59371715,-509296.6691646668,0.9885061840147873
0403,-3220.9191614,-3221.09771587,-468794.76098409033,0.5687320410850425
0799,-3950.55261327,-3950.72199595,-444714.22633913724,0.3191540274564673
0163,-3828.60948964,-3828.78176788,-452316.51912051486,0.39794651106923223
0960,-3312.61164034,-3312.81211184,-526337.9232495311,1.1651269445979275
0129,-3707.16760845,-3707.3316273,-430631.49067512515,0.1731962551186726
0306,-3249.5701616,-3249.75699003,-490518.0429646789,0.7938787683544477
0020,-3427.21475152,-3427.38439886,-445409.09117055277,0.32635581873402836
0555,-3654.0389938,-3654.21450081,-460793.6547557195,0.48580613313695836
0374,-3588.99212192,-3589.16381796,-450787.95301977743,0.38210398528037964
0756,-4111.30934915,-4111.49733712,-493562.415234986,0.8254315721095089
1015,-4105.07287889,-4105.25313624,-473265.6724247895,0.6150699323707263
0007,-3159.52770362,-3159.70598113,-468067.60250511434,0.5611955485838658
0162,-3753.33566626,-3753.51050822,-459047.5659796507,0.4677091359242443
0873,-3367.96193223,-3368.13961807,-466514.1729196516,0.545095330047692
0377,-3227.95433004,-3228.13097871,-463791.08308460494,0.516872395549618
0444,-3562.74870506,-3562.91411748,-434290.308711033,0.21111736239864226
0001,-3162.95788289,-3163.09256706,-353613.2883353355,-0.6250439100861744
0898,-3404.82624725,-3405.03435289,-546381.3578193642,1.3728632203903623
0640,-4073.85110277,-4073.99430952,-375989.32212497445,-0.39313186376147086
0743,-3583.53442992,-3583.73001916,-513519.5496203087,1.032273406439433
0978,-3291.45016285,-3291.65869477,-547500.5559589145,1.3844629316361547
0098,-2836.76992837,-2836.95967263,-498173.55463059084,0.8732228287359776
0314,-3688.05200402,-3688.2231677,-449390.2418401663,0.3676176798483313
0577,-3791.95424415,-3792.12547429,-449564.73257068684,0.3694261550571259
0165,-3716.22709059,-3716.40807601,-475177.2202101838,0.634881797276093
0070,-3556.61590151,-3556.78782792,-451392.7894543219,0.38837269476417974
0780,-3291.55446252,-3291.74404891,-497759.0669448195,0.8689269518041092
0122,-3483.94154784,-3484.10723109,-435001.37287447957,0.21848704849955497
0061,-3165.39158443,-3165.56184039,-447007.0229796047,0.3429172719034533
0021,-3196.48746218,-3196.67627908,-495738.7709497177,0.8479879872489791
0542,-3508.18306775,-3508.35842201,-460392.60962986643,0.4816495790005327
0806,-4201.51248002,-4201.68112485,-442777.0011642674,0.2990760342464361
0526,-3563.36362196,-3563.52990779,-436583.44666527887,0.23488414432584187
0483,-3750.98687406,-3751.15943239,-453051.8954147417,0.4055681755168335
0202,-3290.16352402,-3290.32537124,-424929.8761106677,0.11410298088477672
0216,-2816.1727905,-2816.37565504,-532620.8497701684,1.2302451134390668
1012,-3080.6560727,-3080.83149285,-460565.60382449836,0.483442543654437
0197,-3607.79785934,-3607.95334715,-408233.2451551781,-0.05894600036090497
0194,-3494.42777438,-3494.61809741,-499693.11526485556,0.888972019120646
0054,-3223.35027216,-3223.51011349,-419663.41191576223,0.059519737946439666
0622,-3254.86432955,-3255.05781968,-508008.336315263,0.9751535089937604
0103,-3234.77786147,-3234.91800292,-367941.3769752653,-0.4765432245917475
0390,-3297.37711003,-3297.54622559,-444012.9027803587,0.3118852959564558
0607,-3298.60529572,-3298.7902273,-485537.8632900297,0.7422626655959961
0350,-3838.88690489,-3839.05206971,-433640.2349099283,0.2043797990353758
0503,-4156.26808534,-4156.51248564,-641672.9876501367,2.3604947675818693
0887,-3237.19698212,-3237.39194803,-511882.99670516927,1.015311672334241
0508,-3739.25515017,-3739.41162074,-410813.4815356243,-0.03220364268410342
0152,-3867.97678696,-3868.14521939,-442219.3449648396,0.29329631512504034
0079,-3446.81860074,-3447.00036222,-477214.7657405376,0.6559995412814172
0099,-3027.70960973,-3027.89358525,-483027.7277596751,0.7162468545336071
0704,-3310.22018512,-3310.39341222,-454807.7510490068,0.4237663994300334
0175,-3192.80568465,-3193.00195566,-515309.5367553831,1.0508253796484748
0224,-3507.02061459,-3507.19213469,-450326.02254927816,0.3773163968417695
0229,-3057.45600128,-3057.6280162,-451625.1724600993,0.3907811831901256
0358,-3460.55471715,-3460.73049793,-461512.43788991653,0.4932558210075813
0635,-4210.78687457,-4210.96148762,-458446.5627763561,0.4614801552195276
0185,-3519.66229983,-3519.85163017,-497086.8076705169,0.8619594514226756
0123,-3179.40707078,-3179.60381039,-516539.8460547244,1.0635766808801825
0773,-3428.42017203,-3428.60192248,-477185.806476145,0.6556993986230502
0127,-3440.76352429,-3440.94646061,-480299.30815987766,0.6879686807263059
0560,-3866.08143543,-3866.26010013,-469084.1698497356,0.5717315629345039
0832,-3746.3549311,-3746.52592509,-448944.72074425244,0.3630001631782392
0667,-3226.08112246,-3226.26218266,-475373.55509892997,0.6369166720104678
0958,-3424.99250942,-3425.16110513,-442648.0366058347,0.29773940618577727
0897,-3292.61294757,-3292.80063103,-492762.92423064046,0.8171454032299363
0707,-4049.94134793,-4050.13285631,-502805.25168989314,0.9212271512659285
0521,-4033.83036533,-4033.99072444,-421022.84330545214,0.0736092999476819
0485,-3887.77740645,-3887.91891431,-371528.8864307204,-0.43936118121241224
0348,-3760.68422808,-3760.86348191,-470630.93066408695,0.5877626642906868
0029,-3334.37749537,-3334.55981923,-478691.29442999157,0.6713027354510188
0380,-3450.38457496,-3450.58358008,-522487.94256009976,1.1252245692086829
0442,-3507.96121922,-3508.11995912,-416771.6074500013,0.02954819350159338
0002,-3123.64090447,-3123.81326006,-452519.6015457334,0.4000513193318483
0847,-3740.99850997,-3741.16386652,-434143.62202398863,0.2095970567859105
0486,-3995.7180535,-3995.88316348,-433496.2524891337,0.2028875212637578
0388,-3219.68438344,-3219.86804932,-482214.767939495,0.707821090734259
0006,-3104.22035566,-3104.41885172,-521151.40552946855,1.1113722913351143
1011,-3745.17591172,-3745.33925186,-428849.5375698574,0.15472754904759684
0642,-3998.63882313,-3998.83780093,-522416.21389931376,1.1244811514672095
0047,-3045.01591021,-3045.18251379,-437417.69928973966,0.24353059325013843
0647,-4210.70982898,-4210.88855222,-469237.8666204759,0.5733245231950652
0543,-4420.33621597,-4420.4693541,-349554.1603141578,-0.6671139522811027
0725,-3596.06274603,-3596.2428925,-472974.5569842828,0.6120527230583279
0512,-4213.89947893,-4214.06840501,-443515.42303852236,0.3067292640153639
0775,-3536.38795692,-3536.57087518,-480251.891629872,0.6874772413315229
0453,-3537.55112879,-3537.72285008,-450854.2468957294,0.3827910752524158
0413,-3945.71791894,-3945.89144284,-455586.99944990483,0.43184276778675273
0028,-3196.4925104,-3196.66336807,-448586.8125856814,0.3592906937418395
0231,-3061.36260718,-3061.54203126,-471077.92203997314,0.5923954193913363
0627,-3162.8775657,-3163.08115023,-534511.1835142552,1.249837109542988
0066,-3449.26695723,-3449.461055,-509603.6951352587,0.9916882949189894
0559,-3673.90759354,-3674.0993115,-503355.5039800142,0.9269301340106144
0395,-3509.37741442,-3509.55869479,-475951.6114349151,0.6429078243759656
0062,-3924.6451993,-3924.82144648,-462736.9710894516,0.5059472569772667
0671,-3343.03798438,-3343.21189705,-456607.7150848321,0.4424217762847292
0534,-3922.21148984,-3922.38572958,-457466.43736960116,0.45132183623984173
0415,-3179.61601465,-3179.78979796,-456268.0804052359,0.4389016987639101
0427,-3218.74581408,-3218.92416523,-468260.9443256649,0.5631994022455806
0687,-3599.90933414,-3600.09995431,-500473.2563358648,0.8970576393829581
0092,-2984.59388272,-2984.79629863,-531442.9717053336,1.2180372255307412
0902,-3348.15503577,-3348.35113709,-514864.0156606632,1.0462078629907567
0408,-3622.72530989,-3622.89800878,-453420.93569498,0.40939302166119057
0513,-3595.40993607,-3595.56883342,-417184.9924243009,0.033832641595074986
0658,-3145.78029902,-3145.9487017,-442141.23634085763,0.2924867734969954
0557,-3616.94471132,-3617.12722201,-479181.8165951888,0.6763866569434505
0746,-3715.48905254,-3715.66556477,-463432.85986459,0.5131596607202151
0227,-2840.20804163,-2840.41774824,-550584.7045550315,1.4164279893769132
0191,-3249.61875692,-3249.79703689,-468074.0612348652,0.5612624888310636
0963,-3176.96291985,-3177.16014322,-517809.9579345981,1.0767405082095463
0839,-3478.89432386,-3479.0555244,-423232.01777054876,0.09650585863656219
0188,-4093.60996258,-4093.83176514,-582342.6212800384,1.7455767350369313
0556,-4109.07854895,-4109.26629884,-492937.3361934122,0.8189530620657324
0392,-3413.13905142,-3413.31222279,-454661.43193404493,0.42224990344659724
0548,-3713.21715834,-3713.39631159,-470366.8578753327,0.5850257332780504
0326,-3026.4855983,-3026.61438315,-338124.6236740735,-0.7855731598271911
0321,-3350.89492886,-3351.09146109,-515995.3698644097,1.0579335633975189
0155,-4130.49415941,-4130.68007752,-488127.9978046719,0.7691076105578263
0052,-3180.65777526,-3180.85236233,-510888.3522841345,1.0050028738574335
0497,-3887.77538101,-3887.94404329,-442822.81614068896,0.2995508746508671
0610,-3484.71730243,-3484.89839011,-475445.7038400492,0.6376644435927783
0904,-3405.08508555,-3405.28603148,-527583.539215568,1.1780368887968906
0056,-3067.0552228,-3067.21501465,-419533.5021741919,0.058173313719146524
0372,-3206.03647552,-3206.22018111,-482319.02654511825,0.7089016587564723
0451,-3508.35800157,-3508.53293224,-459280.4740846507,0.47012306663886233
0300,-3697.94785718,-3698.10853097,-421849.035645384,0.08217220962205457
0634,-4365.94688388,-4366.0996612,-401116.85365891387,-0.13270245469333214
0480,-4365.5662192,-4365.68782427,-319274.1112861595,-0.9809456258883815
0678,-3152.05771681,-3152.22207884,-431532.5097653158,0.18253469207976175
0292,-3117.8203163,-3117.99689939,-463618.9027959172,0.515087866465431
0877,-3705.69544088,-3705.89524946,-524597.4267890183,1.1470879078511513
0467,-3385.82973953,-3386.00287322,-454562.50309436634,0.42122457474598446
0225,-3484.1380474,-3484.3444344,-541869.0685004649,1.3260964761410052
0049,-3176.80608734,-3176.98913696,-480596.77731005196,0.6910517418256921
0073,-3218.6344616,-3218.79516632,-421930.2423600327,0.08301386080771761
0142,-4099.22178951,-4099.40591638,-483425.09718500014,0.7203653125874501
0713,-3366.82690621,-3367.00908923,-478321.519010364,0.6674702700975697
0418,-3238.61918547,-3238.80540228,-488912.23465534835,0.7772356807311842
0173,-3844.50576109,-3844.7249515,-575484.4214550267,1.6744962580196583
0733,-3154.6995821,-3154.88747547,-493314.04293495644,0.8228573657558831
0578,-3483.86169885,-3484.02602078,-431427.22721596964,0.18144351159216027
0093,-2872.75104628,-2872.94825544,-517772.6495801489,1.0763538330325841
0363,-3441.8180389,-3441.9957239,-466511.96750028996,0.5450724724080425
0177,-3212.65593301,-3212.84751164,-502989.69306524826,0.9231387579960433
0220,-3127.48860704,-3127.65389898,-433973.98847082874,0.20783892284633582
0101,-3487.14474944,-3487.29456884,-393350.8347001823,-0.21319184639910577
0501,-3676.88515824,-3677.05988024,-458732.61100052943,0.46444484635466027
0716,-3552.97755326,-3553.14363255,-436041.1758943258,0.22926388448282858
0736,-3661.31095168,-3661.51235073,-528773.2057749045,1.1903669562616412
0612,-3008.86882486,-3009.07666685,-545689.1447447537,1.3656889127299967
0364,-3838.83617717,-3839.01375351,-466226.6806690343,0.5421156725815857
0245,-3503.83451484,-3503.99887768,-431534.6364205104,0.182556733383535
0090,-2852.86431629,-2853.0550073,-500659.2467553594,0.8989853008795083
0283,-3366.99917101,-3367.1748146,-461152.24554542894,0.4895226775709068
0406,-2897.13885862,-2897.33064995,-503548.13691470394,0.9289266405628227
0236,-3460.74954099,-3460.92973417,-473097.19409015815,0.6133237714687068
0013,-3793.83405342,-3793.93375751,-261773.0882942244,-1.5769037851041676
0749,-3888.14014344,-3888.32510021,-485603.9996352597,0.7429481228715307
0113,-3440.85295364,-3441.02943047,-463339.91716488433,0.5121963742020446
0654,-4586.63738102,-4586.82955669,-504557.2215834636,0.9393851021761266
0701,-3522.23598302,-3522.42812853,-504478.03650512017,0.9385644038464027
0242,-3331.14260088,-3331.31341223,-448465.1994247229,0.358030257809223
0222,-3047.63286102,-3047.82236555,-497544.1435156547,0.8666994197611515
0826,-3952.29726085,-3952.46950758,-452233.7896152551,0.39708907721671843
0119,-3234.78087692,-3234.9616936,-474734.19334035314,0.6302901315266947
0771,-3464.31741291,-3464.50244001,-485788.6510507815,0.7448619065220654
0583,-3499.81930679,-3499.99854293,-470584.4855695534,0.5872812931497469
0672,-3095.45754984,-3095.639374,-477379.332079752,0.6577051570684771
0237,-3572.3208804,-3572.48092753,-420203.73981457716,0.0651198612693909
0452,-3353.13851035,-3353.30970905,-449482.1868496774,0.3685706260006983
0576,-3499.86526645,-3500.03503936,-445738.7752053144,0.3297727647335272
1008,-3081.86035043,-3081.99765331,-360488.7114396829,-0.5537849257430383
0015,-3619.36489809,-3619.55885844,-509242.8989249936,0.9879488928330165
0593,-3592.93908539,-3593.10952514,-447489.563625634,0.3479184704942114
0540,-3769.97115502,-3770.10015084,-338678.52541000023,-0.7798323531118803
0100,-3562.34151549,-3562.46061046,-312683.8437358742,-1.049249171001977
0234,-3382.60149935,-3382.80118623,-524277.90344045183,1.143776270305766
0205,-3462.80627849,-3462.98830773,-477917.7696206491,0.6632856881447802
0289,-3515.94706387,-3516.12147708,-457921.8828556272,0.45604221231929537
0180,-3239.37573872,-3239.56163792,-488078.3496005822,0.7685930414114341
0772,-3656.481954,-3656.65893493,-464663.4317159305,0.5259136831210085
0043,-3121.20098949,-3121.39663375,-513664.0046296873,1.0337705822634324
0729,-3155.93472235,-3156.09815553,-429093.8140902197,0.15725930549017592
0689,-3629.0154208,-3629.16352311,-388842.614905034,-0.25991641286175077
0104,-2973.23929815,-2973.42510171,-487827.2467795805,0.7659905351047358
0828,-3705.77729709,-3705.95268413,-460478.67351948796,0.4825415714306674
0711,-3153.56918751,-3153.74266484,-455464.7299149181,0.4305755289932945
0502,-4073.91692228,-4074.14146715,-589542.5561851186,1.8201990587668406
0416,-3025.39633277,-3025.56459655,-441776.5543898979,0.2887070984080207
1009,-3555.30020632,-3555.48920553,-496217.4258550524,0.8529489128367354
0179,-3306.15657542,-3306.31944714,-427619.70086029393,0.14198114588064376
0419,-3270.15878187,-3270.339014,-473199.45731539244,0.6143836587593137
0139,-3797.28207177,-3797.43730618,-407567.9434551266,-0.06584139031842645
0599,-3460.34506511,-3460.55348986,-547219.1811242696,1.3815466769370326
0875,-3323.00958734,-3323.2081501,-521326.52637929504,1.1131872972927919
0189,-3245.71874717,-3245.89484878,-462354.77705482254,0.5019860813061354
0411,-3295.21191884,-3295.38812395,-462626.51630488265,0.5048024698645655
0563,-3745.99205265,-3746.17973442,-492758.4871348069,0.8170994158139286
0589,-3444.51480527,-3444.68457384,-445727.3805352297,0.3296546668936074
0523,-3431.44963793,-3431.62593214,-462860.4483547995,0.5072270130569458
0712,-3445.67397831,-3445.86175183,-492999.3767589749,0.8195960694302211
0116,-3255.73755566,-3255.92063291,-480669.3198755881,0.691803595124507
0130,-3042.61944844,-3042.81353222,-509566.9643906708,0.9913076062669928
0106,-3037.56287579,-3037.75254583,-497978.69002062315,0.8712031924197869
0763,-3766.25339031,-3766.42374199,-447258.3358395791,0.34552195511819567
0267,-4037.01738982,-4037.23316144,-566508.3883098459,1.5814659098289467
0590,-3483.76246633,-3483.93352339,-449110.3110307715,0.3647163914678087
0039,-3122.42958459,-3122.59270809,-428280.7492499562,0.14883245323061783
0945,-3121.6733712,-3121.83534435,-425260.50532498513,0.11752972301378578
0584,-3332.04586254,-3332.21594402,-446548.9257391614,0.33816941223155245
0465,-3201.49802301,-3201.66455819,-437238.1150905512,0.2416693277768685
0014,-3565.73276668,-3565.90991834,-465111.68332923466,0.5305594997070491
0425,-3179.36738675,-3179.55108329,-482295.2657694768,0.7086553948227887
0111,-3286.25077416,-3286.44026269,-497502.1355145668,0.8662640360114711
0204,-3270.69075913,-3270.88297999,-504675.867929755,0.9406147891356686
0288,-3119.01968257,-3119.18080997,-423039.98870044254,0.09451561072127818
0688,-3521.10339214,-3521.27693919,-455647.77977566177,0.43247271364110224
0248,-3230.87140399,-3231.06276094,-502407.6722244015,0.9171065162916665
0018,-4116.84076509,-4117.00551936,-432562.3358856051,0.19320812442975638
0310,-3390.32820914,-3390.5062616,-467476.73372971074,0.5550716041841814
0115,-3041.43516882,-3041.63147981,-515414.50424567325,1.0519132947678214
0604,-3316.05993822,-3316.24895016,-496250.84847000084,0.8532953150230689
0894,-3614.37873253,-3614.55901798,-473339.44897540915,0.6158345750677217
0178,-3196.67333906,-3196.8646783,-502361.17461922934,0.9166246009144359
0630,-4764.98783998,-4765.12798026,-367938.3051405148,-0.4765750620250319
0450,-3292.72412467,-3292.88670273,-426848.69652936916,0.1339902215823095
0598,-3348.11873481,-3348.30190076,-480902.2017246718,0.694217253714793
0410,-3448.2000843,-3448.38999676,-498615.16372989374,0.877799800278735
0722,-3346.94774633,-3347.12250139,-458819.41002954025,0.4653444579938871
0794,-3840.87537093,-3841.05973373,-484044.5314003794,0.726785317928998
0876,-3155.93920544,-3156.11427657,-459649.2518152777,0.4739451916388829
0232,-3353.44599438,-3353.64287738,-516916.31650018576,1.0674785355255814
0367,-3440.61892127,-3440.79821528,-470736.4232547936,0.5888560217110805
0582,-3781.58278455,-3781.73463586,-398685.61440495704,-0.1579005606575425
0524,-3524.01037884,-3524.18329858,-454000.77736999356,0.4154026778255016
0038,-3366.04981338,-3366.22146887,-450681.4889947925,0.38100055961851603
0764,-3877.85971826,-3878.03656171,-464302.47797494347,0.522172648338534
0973,-3536.29907651,-3536.47657607,-466025.09478089836,0.5400263748862348
0561,-3561.55173636,-3561.73202504,-473347.9293390774,0.6159224681461095
0424,-3163.21734665,-3163.38028302,-427789.43943592504,0.1437403683051775
0685,-3538.50195897,-3538.70908613,-543812.3585794747,1.346237327869355
0869,-3423.33817534,-3423.52658309,-494664.5476247286,0.8368544087135674
0118,-3727.0172106,-3727.19092053,-456075.42121462984,0.436904920087369
0468,-3218.65510267,-3218.83013615,-459550.4017397661,0.4729206792741472
0439,-3062.42037462,-3062.6256735,-539012.2094402635,1.2964871165493441
0362,-3609.0010515,-3609.17781135,-464082.9861751395,0.5198977683074
0686,-3384.29222587,-3384.47407974,-477457.3356848446,0.658513610248687
0345,-3515.91985399,-3516.09029145,-447483.5512309387,0.3478561561998104
0910,-3630.51108818,-3630.70079534,-498076.1485791354,0.8722132826774673
0537,-3447.55832684,-3447.73187346,-455646.6508094677,0.4324610126907567
0181,-3044.97922777,-3045.16631812,-491205.7139257604,0.8010060001633457
0147,-4422.17348625,-4422.35250025,-470001.2570007334,0.5812365341838974
0030,-3274.14446705,-3274.31136167,-438181.82481058035,0.2514502234604377
0581,-3822.79039844,-3822.95233435,-425162.73170502903,0.11651636736310317
0718,-3230.02241147,-3230.20029735,-467039.3779396031,0.5505387152365973
0435,-3424.72588726,-3424.8996689,-456263.695820041,0.438856255584194
0074,-3234.84562819,-3235.00522247,-419014.78213990753,0.05279714090177273
0791,-3591.7359341,-3591.91807044,-478198.9606698496,0.6662000380354411
0241,-3746.86958086,-3747.05465141,-485902.72902523977,0.746044245481057
0253,-3062.45964901,-3062.6532014,-508171.7999453936,0.9768476959671817
0840,-3952.31085257,-3952.47700905,-436243.838240405,0.23136433891698155
0333,-3572.5067515,-3572.68364781,-464441.2619045991,0.5236110473607203
0313,-3652.84024081,-3653.01761459,-465694.8593898039,0.5366037144613551
0140,-3679.35157572,-3679.50178694,-394379.55811019376,-0.20252984287512293
0834,-3726.8317211,-3727.01073248,-469994.37819064927,0.5811652400958616
0859,-4063.90333232,-4064.07163418,-441876.53342921566,0.2897433116983537
0515,-3599.27931885,-3599.44197275,-427047.814449726,0.13605394050604752
0209,-3175.57504139,-3175.73309676,-414974.3739351482,0.010921116599970138
0334,-3429.26404737,-3429.42658373,-426739.2131802724,0.1328555027234531
0518,-3844.05326459,-3844.23420573,-475060.9630710862,0.6336768727894098
0757,-3446.82375664,-3447.02472616,-527645.4747598534,1.1786788076887953
0317,-3331.07009761,-3331.25315214,-480609.66851483134,0.6911853502081289
0080,-3218.75559722,-3218.9287301,-454560.3764403656,0.4212025334545844
0871,-3403.82344671,-3404.01111436,-492721.41507524677,0.8167151896693452
0789,-3628.82941704,-3629.01542886,-488374.03341053415,0.771657598699633
0527,-3468.59111558,-3468.76926063,-467719.82877562824,0.5575911154648725
0198,-3249.59192718,-3249.78376133,-503660.56082493946,0.9300918362951698
0636,-4318.66507677,-4318.81106217,-383284.6676987333,-0.31752067472940587
0770,-3312.57433903,-3312.7934089,-575167.9436852944,1.6712161857832235
0153,-4128.77439511,-4128.97020814,-514107.1102648789,1.038363064361081
1001,-3325.5049423,-3325.67285662,-440859.04715976084,0.2791977733301632
0603,-3081.4667903,-3081.64901748,-478437.4610904056,0.6686719292159979
0323,-3315.05322185,-3315.23261285,-470991.0704991298,0.5914952635034438
0438,-3026.50883751,-3026.71055931,-529620.5859002275,1.1991494626131265
0343,-3512.02549297,-3512.19967291,-457309.4324704155,0.4496945895259932
0336,-3349.33169823,-3349.51215893,-473799.56785096374,0.6206033875831858
1002,-3722.42936922,-3722.62163553,-504795.196904797,0.9418515510680103
0533,-3525.23708838,-3525.38808655,-396445.6953352456,-0.18111576581597627
0888,-3312.5038441,-3312.69638068,-505504.790789465,0.949205998750738
0429,-3275.68214274,-3275.86275372,-474194.12798995565,0.6246927293357067
0172,-3732.25930296,-3732.44806209,-495587.0958152827,0.846415979844356
0121,-3291.74891325,-3291.93955656,-500534.0104045115,0.8976873131006007
0659,-3380.37807455,-3380.55771627,-471649.33586076315,0.5983177267011779
0208,-3342.74993211,-3342.92851732,-468875.4688554327,0.5695685221063653
0835,-3919.03946177,-3919.21229413,-453771.3611800773,0.41302493838500604
0529,-3659.6268825,-3659.81284039,-488232.4401945455,0.7701900833761257
0668,-3363.95021444,-3364.1276193,-465776.4599300635,0.5374494473758975
0498,-3583.23196165,-3583.40460212,-453267.55398568365,0.40780332679363235
0692,-3895.25417648,-3895.41720884,-428041.46118056634,0.14635239861705235
0344,-3746.55021772,-3746.73680485,-489884.5098153531,0.7873126373566153
0050,-3141.38834844,-3141.58559664,-517875.1491002722,1.0774161693555706
0697,-3577.63670825,-3577.81194417,-460081.9079599405,0.47842937202612285
0285,-3254.60057205,-3254.79512437,-510797.11615929025,1.0040572748021999
0161,-3771.58980765,-3771.76061363,-448451.1004907763,0.3578841321529385
0359,-3499.82182863,-3500.01375337,-503898.4048702732,0.9325569246025098
0481,-3747.06700743,-3747.23102332,-430623.7191949299,0.17311570912504398
0623,-3087.72250021,-3087.91529773,-506189.8887602963,0.956306563303065
0662,-3362.93065445,-3363.10010089,-444881.62821940705,0.320889031656807
0608,-3406.61442623,-3406.81671644,-531112.9463555997,1.2146167420386556
0316,-3314.92407918,-3315.11432251,-499483.86291541375,0.8868032638795016
0110,-3254.73493672,-3254.91592869,-475194.41723479715,0.6350600324899947
0666,-3737.07090904,-3737.24144091,-447731.4246852741,0.35042519236434694
0137,-3831.02094558,-3831.20525649,-483908.2942050577,0.7253733140390499
0449,-3446.93338303,-3447.12194109,-495059.18652908143,0.8409445668143378
0618,-3335.63496323,-3335.81588927,-475021.31802008196,0.6332659793758812
0125,-3211.00253308,-3211.18920362,-490103.50277065684,0.7895823472110359
0148,-3803.62750073,-3803.80323724,-461396.2070043474,0.49205116862048365
0217,-2947.89810597,-2948.10195006,-535192.6582951972,1.2569001222490248
0760,-3503.69288585,-3503.87492886,-477953.92275537574,0.6636603902718112
0648,-3906.1573937,-3906.34456922,-491429.32775995403,0.8033236022174843
0059,-3503.59423575,-3503.77919974,-485622.95574537304,0.7431445897846609
0829,-3690.80737242,-3690.99761053,-499470.15780588414,0.8866612199397224
0520,-3922.2144741,-3922.37790601,-429090.479704664,0.1572247469001809
0035,-3562.59338203,-3562.75787185,-431868.02240932843,0.18601204756520123
0947,-3541.82792025,-3542.03371164,-540305.2944457507,1.3098890443670068
0744,-3599.71132356,-3599.88992413,-468915.79653518763,0.5699864904926943
0201,-3782.34952803,-3782.52027109,-448285.9040298681,0.35617198559224833
0003,-3084.35599945,-3084.54327114,-491681.8220943733,0.8059405305941156
0851,-3705.07380981,-3705.23909674,-433960.8347152441,0.20770259330718838
0820,-4277.85318493,-4278.035062,-477518.24728540715,0.6591449166752044
0514,-3753.54050116,-3753.72751218,-490997.4330094028,0.7988473131512961
0341,-3447.6517134,-3447.84146299,-498187.5485444541,0.8733678659320521
0475,-4042.61384038,-4042.75181373,-362249.03042450384,-0.5355404423018728
0974,-3292.75297351,-3292.92301657,-446448.0540297325,0.3371239470356267
0338,-3579.49379874,-3579.65466753,-422361.0081455838,0.0874784489359362
0422,-3536.34936951,-3536.51002422,-421798.94110504485,0.0816530145104924
0022,-3488.60867794,-3488.79742243,-495548.65849583346,0.8460176037294234
0352,-3515.886303,-3516.06195818,-461182.675089794,0.48983805865983304
0694,-3522.11113801,-3522.308297,-517640.92824482784,1.0749886328945208
0988,-3139.83030487,-3140.03046083,-525509.4729795989,1.156540633047612
0190,-3403.88650099,-3404.07219639,-487543.2726999631,0.7630473410370848
0072,-3233.57487021,-3233.76480647,-498677.65063051204,0.8784474335960206
0322,-3543.11644222,-3543.29583465,-470994.8249650188,0.5915341759342778
0872,-3596.03018538,-3596.21575162,-487204.16311958956,0.7595327058049388
0675,-3287.63416248,-3287.80725076,-454443.2791394077,0.41998890127385274
0342,-4054.11872405,-4054.28128445,-426802.3302001966,0.13350966678962078
0325,-3270.1502638,-3270.34110964,-501065.75291957485,0.9031984548849541
0353,-3348.0838656,-3348.25372428,-445963.96433956374,0.3321066936784341
0477,-4097.35288406,-4097.48321003,-342170.8342345555,-0.7436369981390325
0067,-3294.01495438,-3294.20020797,-486383.3005456024,0.7510250354521675
0601,-2864.20969222,-2864.42042478,-553278.3362799914,1.4443456110275317
0034,-3370.43457492,-3370.62146415,-490677.6733647534,0.7955332265611588
0673,-3399.95836109,-3400.13437693,-462129.58792057313,0.49965215236122856
0199,-3234.65051126,-3234.8162186,-435064.6211704034,0.21914257315026547
0443,-3432.70228557,-3432.87928323,-464707.35632965853,0.526368931229295
0509,-3869.27375966,-3869.43718377,-429070.00080513355,0.15701249733257489
0909,-3157.19718705,-3157.35930398,-425637.99971416936,0.12144219012457197
0765,-3366.79890922,-3366.99159862,-505906.01969956834,0.953364457683249
0511,-3531.03689528,-3531.21267882,-461519.6842696953,0.49333092470016365
0150,-3807.54432289,-3807.71994687,-461100.7594904784,0.48898906037703666
0330,-3178.22242856,-3178.41418543,-503457.6621851652,0.9279889328410131
1018,-3477.61062825,-3477.80958254,-522354.48839519493,1.1238414094957239
0046,-3160.77924996,-3160.97016975,-501259.9086448756,0.9052107441040123
0040,-3672.26321713,-3672.4540035,-500909.614434584,0.9015801879523655
0026,-3595.89029884,-3596.07301457,-479720.1491148087,0.6819660995471695
0446,-3224.46163633,-3224.63811872,-463354.51494452514,0.5123476700474183
0379,-3215.82086611,-3216.00988257,-496262.71572986344,0.8534183109277442
0109,-3257.10485042,-3257.29587446,-501533.6170206024,0.908047541282089
0299,-3086.89217624,-3087.07787923,-487563.20024435467,0.763253876191684
0788,-3612.66744391,-3612.85568221,-494219.6566493146,0.8322434228047324
0360,-3348.16948088,-3348.35864057,-496638.76609499153,0.8573158117323059
0748,-3695.98793744,-3696.17951302,-502981.68528897007,0.9230557629576619
0575,-3654.06332034,-3654.24870574,-486729.3677002272,0.7546117811082256
0476,-3967.37604445,-3967.55230035,-462759.8654508981,0.5061845411296895
0347,-3499.92496544,-3500.0947798,-445847.6021803829,0.3309006807315427
0102,-3464.29497877,-3464.48223454,-491640.02413464594,0.8055073237772283
0252,-3727.01584767,-3727.19873349,-480166.72041036165,0.6865945008069818
0455,-3615.6701638,-3615.83692679,-437836.2302445396,0.24786837585676108
0691,-3707.23998496,-3707.4106269,-448020.4134693922,0.35342036036059704
0705,-3783.62654435,-3783.8104623,-482876.5777244628,0.714680289417658
0632,-4304.55704492,-4304.69272112,-356217.86309889646,-0.5980493019754729
0441,-3202.61854848,-3202.77949961,-422577.1918157484,0.08971904250140811
0651,-3999.8413973,-4000.01891091,-466061.9830550143,0.5404086962223589
0158,-3716.17825209,-3716.34298273,-432500.29532004235,0.19256511706526763
0200,-3250.85491628,-3251.02328713,-442057.6666749314,0.29162063196280635
0893,-3293.82087721,-3294.00395085,-480659.84181933757,0.6917053616555691
0660,-3149.68994356,-3149.85873276,-443156.04459997895,0.3030045561484059
0024,-3441.27590687,-3441.45718537,-475946.70174930367,0.6428569388952032
0754,-3768.58921621,-3768.77061618,-476265.6212356744,0.6461623178284126
